{
	"_EquinoxpTerms": [ 
		485, 324.96, 1934.136, 203, 337.23, 32964.467,
		199, 342.08, 20.186, 182, 27.85, 445267.112, 156, 73.14, 45036.886,
		136, 171.52, 22518.443, 77, 222.54, 65928.934, 74, 296.72, 3034.906,
		70, 243.58, 9037.513, 58, 119.81, 33718.147, 52, 297.17, 150.678, 50,
		21.02, 2281.226, 45, 247.54, 29929.562, 44, 325.15, 31555.956, 29,
		60.93, 4443.417, 18, 155.12, 67555.328, 17, 288.79, 4562.452, 16,
		198.04, 62894.029, 14, 199.76, 31436.921, 12, 95.39, 14577.848, 12,
		287.11, 31931.756, 12, 320.81, 34777.259, 9, 227.73, 1222.114, 8,
		15.45, 16859.074
	],
	
	"_JDE0tab1000": [ 
		[ 1721139.29189, 365242.13740, 0.06134, 0.00111, -0.00071 ],
		[ 1721233.25401, 365241.72562, -0.05323, 0.00907, 0.00025 ],
		[ 1721325.70455, 365242.49558, -0.11677, -0.00297, 0.00074 ],
		[ 1721414.39987, 365242.88257, -0.00769, -0.00933, -0.00006 ] 
	],
	
	"_JDE0tab2000": [ 
		[ 2451623.80984, 365242.37404, 0.05169, -0.00411, -0.00057 ],
		[ 2451716.56767, 365241.62603, 0.00325, 0.00888, -0.00030 ],
		[ 2451810.21715, 365242.01767, -0.11575, 0.00337, 0.00078 ],
		[ 2451900.05952, 365242.74049, -0.06223, -0.00823, 0.00032 ] 
	],
	
	"_deltaTtab": [
		124,	// 1620
		119,
		115,
		110,
		106,
		102,
		98,
		95,
		91,
		88,
		85,	// 1630
		82,
		79,
		77,
		74,
		72,
		70,
		67,
		65,
		63,
		62,	// 1640
		60,
		58,
		57,
		55,
		54,
		53,
		51,
		50,
		49,
		48,	// 1650
		47,
		46,
		45,
		44,
		43,
		42,
		41,
		40,
		38,
		37,	// 1660
		36,
		35,
		34,
		33,
		32,
		31,
		30,
		28,
		27,
		26,	// 1670
		25,
		24,
		23,
		22,
		21,
		20,
		19,
		18,
		17,
		16,	// 1680
		15,
		14,
		14,
		13,
		12,
		12,
		11,
		11,
		10,
		10,	// 1690
		10,
		9,
		9,
		9,
		9,
		9,
		9,
		9,
		9,
		9,	// 1700
		9,
		9,
		9,
		9,
		9,
		9,
		9,
		10,
		10,
		10,	// 1710
		10,
		10,
		10,
		10,
		10,
		10,
		11,
		11,
		11,
		11,	// 1720
		11,
		11,
		11,
		11,
		11,
		11,
		11,
		11,
		11,
		11,	// 1730
		11,
		11,
		11,
		12,
		12,
		12,
		12,
		12,
		12,
		12,	// 1740
		12,
		12,
		12,
		13,
		13,
		13,
		13,
		13,
		13,
		13,	// 1750
		14,
		14,
		14,
		14,
		14,
		14,
		14,
		15,
		15,
		15,	// 1760
		15,
		15,
		15,
		15,
		16,
		16,
		16,
		16,
		16,
		16,	// 1770
		16,
		16,
		16,
		16,
		17,
		17,
		17,
		17,
		17,
		17,	// 1780
		17,
		17,
		17,
		17,
		17,
		17,
		17,
		17,
		17,
		17,	// 1790
		17,
		16,
		16,
		16,
		16,
		15,
		15,
		14,
		14,
		13.7,	// 1800
		13.4,
		13.1,
		12.9,
		12.7,
		12.6,
		12.5,
		12.5,
		12.5,
		12.5,
		12.5,	// 1810
		12.5,
		12.5,
		12.5,
		12.5,
		12.5,
		12.5,
		12.4,
		12.3,
		12.2,
		12.0,	// 1820
		11.7,
		11.4,
		11.1,
		10.6,
		10.2,
		9.6,
		9.1,
		8.6,
		8.0,
		7.5,	// 1830
		7.0,
		6.6,
		6.3,
		6.0,
		5.8,
		5.7,
		5.6,
		5.6,
		5.6,
		5.7,	// 1840
		5.8,
		5.9,
		6.1,
		6.2,
		6.3,
		6.5,
		6.6,
		6.8,
		6.9,
		7.1,	// 1850
		7.2,
		7.3,
		7.4,
		7.5,
		7.6,
		7.7,
		7.7,
		7.8,
		7.8,
		7.88,	// 1860
		7.82,
		7.54,
		6.97,
		6.40,
		6.02,
		5.41,
		4.10,
		2.92,
		1.82,
		1.61,	// 1870
		0.10,
		-1.02,
		-1.28,
		-2.69,
		-3.24,
		-3.64,
		-4.54,
		-4.71,
		-5.11,
		-5.40,	// 1880	
		-5.42,
		-5.20,
		-5.46,
		-5.46,
		-5.79,
		-5.63,
		-5.64,
		-5.80,
		-5.66,
		-5.87,	// 1890
		-6.01,
		-6.19,
		-6.64,
		-6.44,
		-6.47,
		-6.09,
		-5.76,
		-4.66,
		-3.74,
		-2.72,	// 1900
		-1.54,
		-0.02,
		1.24,
		2.64,
		3.86,
		5.37,
		6.14,
		7.75,
		9.13,
		10.46,	// 1910
		11.53,
		13.36,
		14.65,
		16.01,
		17.20,
		18.24,
		19.06,
		20.25,
		20.95,
		21.16,	// 1920
		22.25,
		22.41,
		23.03,
		23.49,
		23.62,
		23.86,
		24.49,
		24.34,
		24.08,
		24.02,	// 1930
		24.00,
		23.87,
		23.95,
		23.86,
		23.93,
		23.73,
		23.92,
		23.96,
		24.02,
		24.33,	// 1940
		24.83,
		25.30,
		25.70,
		26.24,
		26.77,
		27.28,
		27.78,
		28.25,
		28.71,
		29.15,	// 1950
		29.57,
		29.97,
		30.36,
		30.72,
		31.07,
		31.35,
		31.68,
		32.18,
		32.68,
		33.15,	// 1960
		33.59,
		34.00,
		34.47,
		35.03,
		35.73,
		36.54,
		37.43,
		38.29,
		39.20,
		40.18,	// 1970
		41.17,
		42.23,
		43.37,
		44.49,
		45.48,
		46.46,
		47.52,
		48.53,
		49.59,
		50.54,	// 1980
		51.38,
		52.17,
		52.96,
		53.79,
		54.34,
		54.87,
		55.32,
		55.82,
		56.30,
		56.86,	// 1990
		57.57,
		58.31,
		59.12,
		59.99,
		60.78,
		61.63,
		62.30,
		62.97,
		63.47,
		63.83,	// 2000
		64.09,
		64.30,
		64.47,
		64.57,
		64.69,
		64.85,
		65.15,
		65.46,
		65.78,
		66.07,	// 2010
		66.3246,
		66.6030,
		66.9069,
		67.2810,
		67.61	// predicted
	],
	
	"_oterms": [
		-4680.93, -1.55, 1999.25, -51.38, -249.67, 
		-39.05, 7.12, 27.87, 5.79, 2.45 
	],
	
	
	"_nutArgMult": [ 
	     0,  0,  0,  0,  1, 
	    -2,  0,  0,  2,  2,
	     0,  0,  0,  2,  2, 
	     0,  0,  0,  0,  2, 
	     0,  1,  0,  0,  0, 
	     0,  0,  1,  0,  0, 
	    -2,  1,  0,  2,  2, 
	     0,  0,  0,  2,  1,
		 0,  0,  1,  2,  2, 
		-2, -1,  0,  2,  2, 
		-2,  0,  1,  0,  0, 
		-2,  0,  0,  2,  1, 
		 0,  0, -1,  2,  2, 
		 2,  0,  0,  0,  0, 
		 0,  0,  1,  0,  1, 
		 2,  0, -1,  2,  2, 
		 0,  0, -1,  0,  1,
		 0,  0,  1,  2,  1, 
		-2,  0,  2,  0,  0, 
		 0,  0, -2,  2,  1, 
		 2,  0,  0,  2,  2, 
		 0,  0,  2,  2,  2, 
		 0,  0,  2,  0,  0, 
		-2,  0,  1,  2,  2, 
		 0,  0,  0,  2,  0, 
		-2,  0,  0,  2,  0, 
		 0,  0, -1,  2,  1, 
		 0,  2,  0,  0,  0, 
		 2,  0, -1,  0,  1,
		-2,  2,  0,  2,  2, 
		 0,  1,  0,  0,  1, 
		-2,  0,  1,  0,  1, 
		 0, -1,  0,  0,  1, 
		 0,  0,  2, -2,  0, 
		 2,  0, -1,  2,  1, 
		 2,  0,  1,  2,  2, 
		 0,  1,  0,  2,  2, 
		-2,  1,  1,  0,  0, 
		 0, -1,  0,  2,  2, 
		 2,  0,  0,  2,  1, 
		 2,  0,  1,  0,  0, 
		-2,  0,  2,  2,  2, 
		-2,  0,  1,  2,  1, 
		 2,  0, -2,  0,  1, 
		 2,  0,  0,  0,  1, 
		 0, -1,  1,  0,  0, 
		-2, -1,  0,  2,  1, 
		-2,  0,  0,  0,  1, 
		 0,  0,  2,  2,  1, 
		-2,  0,  2,  0,  1, 
		-2,  1,  0,  2,  1, 
		 0,  0,  1, -2,  0, 
		-1,  0,  1,  0,  0, 
		-2,	 1,  0,  0,  0, 
		 1,  0,  0,  0,  0, 
		 0,  0,  1,  2,  0, 
		-1, -1,  1,  0,  0, 
		 0,  1,  1,  0,  0, 
		 0, -1,  1,  2,  2, 
		 2, -1, -1,  2,  2, 
		 0,  0, -2,  2,  2, 
		 0,  0,  3,  2,  2, 
		 2, -1,  0,  2,  2 
	],